{"cameraMode":{"drawMode":0,"name":"Shaded","section":"Shading Mode"},"sceneLighting":true,"audioPlay":false,"sceneViewState":{"showFog":false,"showMaterialUpdate":false,"showSkybox":false,"showFlares":false,"showImageEffects":false,"showParticleSystems":false},"in2DMode":false,"pivot":{"x":0.039999961853027347,"y":-0.5499999523162842,"z":-5.079999923706055},"rotation":{"x":0.025982853025197984,"y":0.9678670167922974,"z":-0.11259231716394425,"w":0.22335582971572877},"size":176.07484436035157,"orthographic":false}