{"cameraMode":{"drawMode":0,"name":"Shaded","section":"Shading Mode"},"sceneLighting":true,"audioPlay":false,"sceneViewState":{"showFog":false,"showMaterialUpdate":false,"showSkybox":false,"showFlares":false,"showImageEffects":false,"showParticleSystems":false},"in2DMode":false,"pivot":{"x":179.63575744628907,"y":-0.37840452790260317,"z":-137.29408264160157},"rotation":{"x":-0.021074065938591958,"y":0.8064554929733276,"z":0.028795097023248674,"w":0.5902248024940491},"size":3.538539409637451,"orthographic":false}