{"cameraMode":{"drawMode":0,"name":"Shaded","section":"Shading Mode"},"sceneLighting":true,"audioPlay":false,"sceneViewState":{"showFog":false,"showMaterialUpdate":false,"showSkybox":false,"showFlares":false,"showImageEffects":false,"showParticleSystems":false},"in2DMode":false,"pivot":{"x":0.003601253032684326,"y":-0.29577142000198367,"z":-7.877049446105957},"rotation":{"x":-0.021074065938591958,"y":0.8064554929733276,"z":0.028795097023248674,"w":0.5902248024940491},"size":2.6415908336639406,"orthographic":false}